{
  "version": "2.0.0",
  "tasks": [
    {
      "label": "build",
      "type": "shell",
      "linux": {
        "command": "bash",
        "args": [
          "-c",
          "LD_LIBRARY_PATH=\"${workspaceFolder}/pawncc/lib:$LD_LIBRARY_PATH\" \"${workspaceFolder}/pawncc/bin/pawncc\" \"${file}\" \"-D${fileDirname}\" \"-i${workspaceFolder}/include\" \"-;+\" \"-(+\" \"-w239-\""
        ]
      },
      "windows": {
        "command": "${workspaceFolder}\\pawncc.exe",
        "args": [
          "${file}",
          "-D${fileDirname}",
          "-;+",
          "-(+",
          "-w239-"
        ]
      },
      "group": {
        "kind": "build",
        "isDefault": true
      },
      "isBackground": false,
      "presentation": {
        "reveal": "always",
        "panel": "dedicated"
      },
      "problemMatcher": {
        "owner": "pawncc",
        "fileLocation": [
          "relative",
          "${workspaceFolder}"
        ],
        "pattern": {
          "regexp": "^(.*)\\((\\d+)\\): (error|warning|fatal error) (\\d+): (.*)$",
          "file": 1,
          "line": 2,
          "severity": 3,
          "code": 4,
          "message": 5
        }
      }
    }
  ]
}